<?xml version="1.0" encoding="UTF-8"?>
<extension type="package" method="upgrade">
  <packagename>sourcerer</packagename>
  <name>PKG_SOURCERER</name>
  <version>10.1.3</version>
  <creationDate>June 2024</creationDate>
  <author>Regular Labs (Peter van Westen)</author>
  <authorEmail>info@regularlabs.com</authorEmail>
  <authorUrl>https://regularlabs.com</authorUrl>
  <copyright>Copyright © 2024 Regular Labs - All Rights Reserved</copyright>
  <license>GNU General Public License version 2 or later</license>
  <scriptfile>script.install.php</scriptfile>
  <blockChildUninstall>true</blockChildUninstall>
  <files folder="packages">
    <file type="library" id="placeholder">placeholder</file>
  </files>
  <files_j3 folder="packages/j3">
	</files_j3>
  <files_j4 folder="packages/j4">
    <file type="package" id="regularlabs">pkg_regularlabs</file>
    <file type="plugin" group="system" id="sourcerer">plg_system_sourcerer</file>
    <file type="plugin" group="editors-xtd" id="sourcerer">plg_editors-xtd_sourcerer</file>
  </files_j4>
  <languages folder="language">
    <language tag="en-GB">en-GB/en-GB.pkg_sourcerer.sys.ini</language>
  </languages>
  <updateservers>
    <server type="extension" priority="1" name="Sourcerer">https://download.regularlabs.com/updates.xml?e=sourcerer&amp;type=.xml</server>
  </updateservers>
</extension>
