<?xml version="1.0" ?>
<updates>
	<update>
		<name><![CDATA[ Phoca Commander ]]></name>
		<description><![CDATA[ Phoca Commander is Joomla! CMS component - it is dual panel file manager (like Total Commander, Midnight Commander, Krusader, ...) working in Joomla! administration. ]]></description>
		<element>com_phocacommander</element>
		<type>component</type>
		<version>3.0.5</version>
		<infourl title="Phoca Commander 3.0.5">http://www.phoca.cz/version/index.php?phocacommander=3.0.5</infourl>
		<downloads>
			<downloadurl type="full" format="zip">https://github.com/PhocaCz/PhocaCommander/releases/download/3.0.5/com_phocacommander_v3.0.5.zip</downloadurl>
		</downloads>
		<tags>
			<tag>stable</tag>
		</tags>
		<maintainer><![CDATA[ Phoca.cz ]]></maintainer>
		<maintainerurl>https://www.phoca.cz/</maintainerurl>
		<section>Updates</section>
		<targetplatform name="joomla" version="3.([89]|10)"/>
		<client>administrator</client>
	</update>
	<update>
		<name><![CDATA[ Phoca Commander ]]></name>
		<description><![CDATA[ Phoca Commander is Joomla! CMS component - it is dual panel file manager (like Total Commander, Midnight Commander, Krusader, ...) working in Joomla! administration. ]]></description>
		<element>com_phocacommander</element>
		<type>component</type>
		<version>4.0.0</version>
		<infourl title="Phoca Commander 4.0.0">http://www.phoca.cz/version/index.php?phocacommander=4.0.0</infourl>
		<downloads>
			<downloadurl type="full" format="zip">https://github.com/PhocaCz/PhocaCommander/releases/download/4.0.0/com_phocacommander_v4.0.0.zip</downloadurl>
		</downloads>
		<tags>
			<tag>stable</tag>
		</tags>
		<maintainer><![CDATA[ Phoca.cz ]]></maintainer>
		<maintainerurl>https://www.phoca.cz/</maintainerurl>
		<section>Updates</section>
		<targetplatform name="joomla" version="4\.*"/>
		<client>administrator</client>
	</update>
	<update>
		<name><![CDATA[ Phoca Commander ]]></name>
		<description><![CDATA[ Phoca Commander is Joomla! CMS component - it is dual panel file manager (like Total Commander, Midnight Commander, Krusader, ...) working in Joomla! administration. ]]></description>
		<element>com_phocacommander</element>
		<type>component</type>
		<version>5.0.1</version>
		<infourl title="Phoca Commander 5.0.1">http://www.phoca.cz/version/index.php?phocacommander=5.0.1</infourl>
		<downloads>
			<downloadurl type="full" format="zip">https://github.com/PhocaCz/PhocaCommander/releases/download/5.0.1/com_phocacommander_v5.0.1.zip</downloadurl>
		</downloads>
		<tags>
			<tag>stable</tag>
		</tags>
		<maintainer><![CDATA[ Phoca.cz ]]></maintainer>
		<maintainerurl>https://www.phoca.cz/</maintainerurl>
		<section>Updates</section>
		<targetplatform name="joomla" version="(4|5)\.*"/>
		<client>administrator</client>
	</update>
</updates>
