<?xml version="1.0" encoding="UTF-8"?>
<extension type="package" method="upgrade">
	<name>J2XML 3.9</name>
	<packagename>j2xml</packagename>
	<description><![CDATA[J2XML 3.9 the ultimate solution to share content for Joomla! 3.x & 4.x]]></description>

	<author>Helios Ciancio</author>
	<authorEmail>info (at) eshiol (dot) it</authorEmail>
	<authorUrl>www.eshiol.it</authorUrl>
	<creationDate>05 November 2023</creationDate>
	<copyright><![CDATA[(C) 2010 - 2023 Helios Ciancio. All Rights Reserved.]]></copyright>
	<license>http://www.gnu.org/licenses/gpl-3.0.html GNU/GPL v3</license>
	<version>3.10.233-beta1</version>

	<url>https://www.eshiol.it</url>
	<packager>Helios Ciancio</packager>
	<packagerurl>https://www.eshiol.it/</packagerurl>
	<files>
		<folder type="component" id="j2xml">com_j2xml.zip</folder>
		<folder type="library" id="j2xml">lib_eshiol_J2xml.zip</folder>
		<folder type="plugin" id="j2xml" group="system">plg_system_j2xml.zip</folder>
		<folder type="library" id="phpxmlrpc">lib_eshiol_phpxmlrpc.zip</folder>
		<folder type="plugin" id="basicauth" group="system">plg_system_basicauth.zip</folder>
		<!--
		<folder type="file" id="j2xml">cli_j2xml.zip</folder>
		-->
	</files>
</extension>
