<?xml version="1.0" encoding="utf-8"?>
<extension type="component" method="upgrade">
<name>Securitycheck</name>
<creationDate>03-04-2024</creationDate>
<author>Jose A. Luque</author>
<authorEmail>contacto@protegetuordenador.com</authorEmail>
<authorUrl>http://www.protegetuordenador.com</authorUrl>
<copyright>Copyright www.protegetuordenador.com</copyright>
<license>GNU/GPL v2 or later http://www.gnu.org/licenses/gpl-2.0.html</license>
<version>4.1.1</version>
<description>COM_SECURITYCHECK_DESCRIPTION</description>
<namespace path="src">SecuritycheckExtensions\Component\Securitycheck</namespace>


<!-- Runs on install/uninstall/update; New in 1.6 -->
<scriptfile>install.php</scriptfile>

<install>
<sql>
<file charset="utf8" driver="mysql">sql/install.sql</file>
</sql>
</install>
<uninstall>
<sql>
<file charset="utf8" driver="mysql">sql/uninstall.sql</file>
</sql>
</uninstall>
<update>
	<schemas>
		<schemapath type="mysql">sql/updates</schemapath>
	</schemas>
</update>

<media destination="com_securitycheck" folder="media">
	<filename>index.html</filename>
	<folder>fonts</folder>
	<folder>images</folder>
	<folder>stylesheets</folder>
	<folder>javascript</folder>
</media>

<administration>
<!-- Administration Menu Section -->
<menu>COM_SECURITYCHECK_MENU</menu>
<!-- Administration Main File Copy Section -->
<files folder="admin">
<filename>securitycheck.php</filename>
<filename>index.html</filename>
<filename>config.xml</filename>
<filename>access.xml</filename>
<folder>language</folder>
<folder>library</folder>
<folder>sql</folder>
<folder>includes</folder>
<folder>tables</folder>
<folder>scans</folder>
<folder>services</folder>
<folder>src</folder>
<folder>tmpl</folder>
<folder>forms</folder>
</files>

<!-- Languages Section -->
<languages folder="admin">
	<language tag="en-GB">language/en-GB/en-GB.com_securitycheck.ini</language>
	<language tag="en-GB">language/en-GB/en-GB.com_securitycheck.sys.ini</language>
	<language tag="es-ES">language/es-ES/es-ES.com_securitycheck.ini</language>
	<language tag="es-ES">language/es-ES/es-ES.com_securitycheck.sys.ini</language>
	<language tag="ja-JP">language/ja-JP/ja-JP.com_securitycheck.ini</language>
	<language tag="ja-JP">language/ja-JP/ja-JP.com_securitycheck.sys.ini</language>
	<language tag="fr-FR">language/fr-FR/fr-FR.com_securitycheck.ini</language>
	<language tag="fr-FR">language/fr-FR/fr-FR.com_securitycheck.sys.ini</language>
	<language tag="pt-BR">language/pt-BR/pt-BR.com_securitycheck.ini</language>
	<language tag="pt-BR">language/pt-BR/pt-BR.com_securitycheck.sys.ini</language>
	<language tag="ca-ES">language/ca-ES/ca-ES.com_securitycheck.ini</language>
	<language tag="ca-ES">language/ca-ES/ca-ES.com_securitycheck.sys.ini</language>
	<language tag="ru-RU">language/ru-RU/ru-RU.com_securitycheck.ini</language>
	<language tag="ru-RU">language/ru-RU/ru-RU.com_securitycheck.sys.ini</language>
	<language tag="pl-PL">language/pl-PL/pl-PL.com_securitycheck.ini</language>
	<language tag="pl-PL">language/pl-PL/pl-PL.com_securitycheck.sys.ini</language>
	<language tag="nl-NL">language/nl-NL/nl-NL.com_securitycheck.ini</language>
	<language tag="nl-NL">language/nl-NL/nl-NL.com_securitycheck.sys.ini</language>
</languages>
</administration>

<plugins>
       <plugin folder="plugins/system" plugin="securitycheck" name="System - Securitycheck" group="system" />
 </plugins>
	
<updateservers>
	<server type="extension" priority="1" name="Securitycheck Update Site"><![CDATA[https://securitycheck.protegetuordenador.com/update/updates_securitycheck.xml]]></server>
</updateservers>
</extension>