<?xml version="1.0" encoding="utf-8"?>
<extension method="upgrade" type="component" version="3">
	<name>COM_EASYSOURCE</name>
	<author>Top Position</author>
	<creationDate>November 2011</creationDate>
	<copyright>GNU/GPL license</copyright>
	<license>http://www.gnu.org/licenses/gpl-2.0.html GNU/GPL</license>
	<authorEmail>info@aixeena.org</authorEmail>
	<authorUrl>www.aixeena.org</authorUrl>
	<version>4.0.0</version>
	<description>The easy way to include your own source into joomla components</description>	

	<files folder="site">
		<filename>easysource.php</filename>
		<filename>index.html</filename>
		<filename>controller.php</filename>
		<folder>includes</folder>
		<folder>helpers</folder>
		<folder>css</folder>
		<folder>js</folder>
		<folder>views</folder>
		<folder>models</folder>
	</files>
	
	<updateservers>
        <server type="extension" priority="2" name="Aixeena Easy Component Update">
				http://posicionamientoenbuscadoreswebseo.es/joomla-extensions/uploads/com_easycomponent.xml
        </server>
    </updateservers>

	<administration>
		<menu link="option=com_easysource">COM_EASYSOURCE</menu>

		<files folder="admin">
			<filename>controller.php</filename>
			<filename>easysource.php</filename>
			<folder>views</folder>
		</files>
		
		<languages>
			<language tag="en-GB">language/en-GB/en-GB.com_easysource.ini</language>
			<language tag="en-GB">language/en-GB/en-GB.com_easysource.sys.ini</language>
		</languages>

	</administration>
</extension>