<?xml version="1.0" encoding="utf-8"?>
<extension type="component" version="3.0" method="upgrade">
    <name>COM_FAILEDLOGINATTEMPTS</name>
    <author>Web357 (Yiannis Christodoulou)</author>
	<creationDate>11-Jan-2024</creationDate>
	<copyright>Copyright (©) 2014-2023 Web357. All rights reserved.</copyright>
	<license>GNU/GPLv3, http://www.gnu.org/licenses/gpl-3.0.html</license>
	<authorEmail>support@web357.com</authorEmail>
	<authorUrl>https:/www.web357.com</authorUrl>
	<version>2.5.5</version>
	<variant>free</variant>
	<description>This Joomla! Plugin records the failed and successful login attempts into the back-end and front-end of your Joomla! website. It is useful for security purposes and serves as an information pool to track malicious user access (IP, country, browser, OS, etc.).</description>

	<scriptfile>script.install.php</scriptfile>

    <administration>
		<menu link="option=com_failedloginattempts" view="failedloginattempts" alt="failedloginattempts">COM_FAILEDLOGINATTEMPTS</menu>
        <files>
            <filename>access.xml</filename>
            <filename>config.xml</filename>
            <filename>controller.php</filename>
            <filename>script.install.helper.php</filename>
            <filename>failedloginattempts.php</filename>
            <folder>language</folder>
            <folder>assets</folder>
            <folder>controllers</folder>
            <folder>helpers</folder>
            <folder>models</folder>
            <folder>tables</folder>
            <folder>views</folder>
        </files>
    </administration>
    
    <updateservers><server type="extension" priority="1" name="Failed Login Attempts (free version)"><![CDATA[https://updates.web357.com/failedloginattempts/failedloginattempts_free.xml]]></server></updateservers>

</extension>