<?xml version="1.0" encoding="utf-8"?>
<extension version="4" type="plugin" group="editors-xtd" method="upgrade">
  <name>PLG_EDITORS-XTD_SOURCERER</name>
  <description>PLG_EDITORS-XTD_SOURCERER_DESC</description>
  <version>10.1.3</version>
  <creationDate>June 2024</creationDate>
  <author>Regular Labs (Peter van Westen)</author>
  <authorEmail>info@regularlabs.com</authorEmail>
  <authorUrl>https://regularlabs.com</authorUrl>
  <copyright>Copyright © 2024 Regular Labs - All Rights Reserved</copyright>
  <license>GNU General Public License version 2 or later</license>
  <namespace path="src">RegularLabs\Plugin\EditorButton\Sourcerer</namespace>
  <scriptfile>script.install.php</scriptfile>
  <files>
    <file plugin="sourcerer">sourcerer.php</file>
    <folder>forms</folder>
    <folder>language</folder>
    <folder>src</folder>
    <folder>tmpl</folder>
  </files>
  <config>
    <fields name="params" addfieldprefix="RegularLabs\Library\Form\Field">
      <fieldset name="basic">
        <field name="@load_language_regularlabs" type="LoadLanguage" extension="plg_system_regularlabs"/>
        <field name="@license" type="License" extension="SOURCERER"/>
        <field name="@version" type="Version" extension="SOURCERER"/>
        <field name="@dependency" type="Dependency" label="SRC_THE_SYSTEM_PLUGIN" file="/plugins/system/sourcerer/sourcerer.xml"/>
        <field name="@header" type="Header" label="SOURCERER" description="SOURCERER_DESC" url="https://regularlabs.com/sourcerer"/>
        <field name="@note__settings" type="Note" class="rl-alert alert alert-info rl-alert-light" text="SRC_SETTINGS,&lt;a href=&quot;index.php?option=com_plugins&amp;filter[folder]=system&amp;filter[search]=sourcerer&quot; target=&quot;_blank&quot;&gt;,&lt;/a&gt;"/>
      </fieldset>
    </fields>
  </config>
</extension>
