<?xml version="1.0" encoding="UTF-8"?>
<metadata>
        <layout title="COM_PHPBRIDGE">
			<help key="Modul" />
			<message>
				<![CDATA[...]]>
			</message>       
		</layout>

        <fields name="request">
                <fieldset name="request">
                        <field
                                name="run"
                                type="text"
                                label="Scriptname"
                                description="COM_PHPBRIDGE_ADMIN_VIEW_CONFIG_RUN_DESC"
                                default=""
                                size="25"
                        >
                        </field>
                        <field
                                name="mode"
                                type="text"
                                label="Mode ($mode)"
                                description="COM_PHPBRIDGE_ADMIN_VIEW_CONFIG_MODE_DESC"
                                default=""
                                size="25"
                        >
                        </field>
                        <field
                                name="data"
                                type="text"
                                label="Data ($data)"
                                description="COM_PHPBRIDGE_ADMIN_VIEW_CONFIG_DATA_DESC"
                                default=""
                                size="25"
                        >
                        </field>
                        <field name="raw" type="radio" default="0" label="Output Type" description="" class="btn-group">
                            <option value="0">Normal Output</option>
                            <option value="1">Raw Output</option>
                        </field>
                </fieldset>
        </fields>
        <fields name="params">
                <fieldset name="basic">
                	<field name="c_css" type="text" default="" label="CSS Filename"
                           description="COM_PHPBRIDGE_ADMIN_CONFIG_FIELD_CSS_DESC" size="20" />

                    <field name="c_js" type="text" default="" label="Javascript Filename"
                           description="COM_PHPBRIDGE_ADMIN_CONFIG_FIELD_JS_DESC" size="20" />

                </fieldset>
        </fields>

</metadata>

