<?xml version="1.0" encoding="utf-8"?>
<extension version="3.4" type="plugin" group="system" method="upgrade">
	<name>PLG_SYSTEM_WEB357FRAMEWORK</name>
	<author>Web357 (Yiannis Christodoulou)</author>
	<creationDate>10-Jul-2023</creationDate>
	<copyright>Copyright (©) 2014-2023 Web357. All rights reserved.</copyright>
	<license>GNU/GPLv3, http://www.gnu.org/licenses/gpl-3.0.html</license>
	<authorEmail>support@web357.com</authorEmail>
	<authorUrl>https:/www.web357.com</authorUrl>
	<version>1.9.2</version>
	<variant>free</variant>
	<description></description>

	<files>
		<folder>elements</folder>
		<folder>Web357Framework</folder>
		<filename>autoload.php</filename>
		<filename>script.install.helper.php</filename>
		<filename>web357framework.class.php</filename>
		<filename plugin="web357framework">web357framework.php</filename>
	</files>

	<media folder="media" destination="plg_system_web357framework">
		<folder>css</folder>
		<folder>images</folder>
		<folder>js</folder>
	</media>

	<languages folder="language">
		<language tag="en-GB">en-GB/en-GB.plg_system_web357framework.ini</language>
		<language tag="en-GB">en-GB/en-GB.plg_system_web357framework.sys.ini</language>
		<language tag="de-DE">de-DE/de-DE.plg_system_web357framework.ini</language>
		<language tag="de-DE">de-DE/de-DE.plg_system_web357framework.sys.ini</language>
		<language tag="fr-FR">fr-FR/fr-FR.plg_system_web357framework.ini</language>
		<language tag="fr-FR">fr-FR/fr-FR.plg_system_web357framework.sys.ini</language>
	</languages>

	<scriptfile>script.install.php</scriptfile>

	<config>
		<fields name="params">
			
			<fieldset name="basic" label="Web357 Framework - Parameters" addfieldpath="/plugins/system/web357framework/elements">

				<!-- API Key -->
				<field type="header" label="W357FRM_APIKEY_HEADER" />
				<field name="apikeyinfo" type="w357note" />
				<field name="apikey" id="apikey" type="apikey" label="" description="" />

				<!-- Version Checker -->
				<field type="header" label="W357FRM_HEADER_VERSION_CHECK" />
				<field name="info" id="info" type="info" extension_type="plugin" extension_name="web357framework" real_name="PLG_SYSTEM_WEB357FRAMEWORK" plugin_type="system" label="" addfieldpath="/plugins/system/web357framework/elements" />
		
			</fieldset>

			<fieldset name="about" label="W357FRM_HEADER_ABOUT_WEB357">
				
				<!-- About Web357 -->
				<field type="header" label="W357FRM_HEADER_ABOUT_WEB357" />
				<field name="about" id="about" type="about" label="" addfieldpath="/plugins/system/web357framework/elements" />
				
			</fieldset>

			<fieldset name="description" label="W357FRM_HEADER_DESCRIPTION">

				<!-- Description -->
				<field type="header" label="W357FRM_HEADER_DESCRIPTION" />
				<field name="description" id="description" type="description" extension_type="plugin" extension_name="web357framework" real_name="PLG_SYSTEM_WEB357FRAMEWORK" plugin_type="system" label="" addfieldpath="/plugins/system/web357framework/elements" />
			
			</fieldset>

		</fields>
	</config>

	<updateservers><server type="extension" priority="1" name="Web357 Framework"><![CDATA[https://updates.web357.com/web357framework/web357framework.xml]]></server></updateservers>

</extension>