{
  "$schema": "https://developer.joomla.org/schemas/json-schema/web_assets.json",
  "name": "mod_bw_social_share",
  "version": "1.0.0",
  "description": "Assets used by Mod Neztsinn Social Share Module",
  "license": "GPL-2.0-or-later",
  "assets": [
    {
      "name": "mod_bw_social_share",
      "type": "preset",
      "dependencies": [
        "mod_bw_social_share#style",
        "mod_bw_social_share#script"
      ]
    },
    {
      "name": "mod_bw_social_share",
      "description": "CSS for the module",
      "type": "style",
      "uri": "mod_bw_social_share/mod_bw_social_share.css",
      "dependencies": ["mod_bw_social_share.rrssb.style"]
    },
    {
      "name": "mod_bw_social_share",
      "description": "JS for the module",
      "type": "script",
      "attributes": {
        "defer": true
      },
      "uri": "mod_bw_social_share/mod_bw_social_share.js",
      "dependencies": ["mod_bw_social_share.rrssb.script"]
    },
    {
      "name": "mod_bw_social_share.rrssb.style",
      "description": "rrssb CSS",
      "type": "style",
      "uri": "mod_bw_social_share/rrssb.css"
    },
    {
      "name": "mod_bw_social_share.rrssb.script",
      "description": "rrssb JS ",
      "type": "script",
      "uri": "mod_bw_social_share/rrssb.min.js",
      "dependencies": ["core"]
    }
  ]
}
