<?xml version="1.0" encoding="UTF-8" ?>
<extension version="3.4" type="plugin" group="system" method="upgrade">
	<name>System - Web357 Installer</name>
	<description></description>
	<version>1.0.0</version>
	<variant>free</variant>
	<creationDate>August 2018</creationDate>
	<author>Web357 (Yiannis Christodoulou)</author>
	<authorEmail>support@web357.com</authorEmail>
	<authorUrl>https://www.web357.com/</authorUrl>
	<copyright>Copyright (C) 2009-2018 Web357. All rights reserved.</copyright>
	<license>GNU/GPLv3, http://www.gnu.org/licenses/gpl-3.0.html</license>

	<scriptfile>script.install.php</scriptfile>

	<files>
		<filename plugin="web357installerfailedloginattempts">web357installerfailedloginattempts.php</filename>
		<filename>script.helper.php</filename>
		<folder>language</folder>
	</files>

	<updateservers><server type="extension" priority="1" name="Failed Login Attempts (free version)"><![CDATA[https://updates.web357.com/failedloginattempts/failedloginattempts_free.xml]]></server></updateservers>
	
</extension>
