{
  "nodes": {
    "extension": {
      "name": "!",
      "element": "?",
      "creationDate": "=",
      "author": "=",
      "authorEmail": "=",
      "authorUrl": "=",
      "copyright": "=",
      "version": "!",
      "description": "=",
      "license": "?",
      "changelogurl": "?",
      "scriptfile": "?",
      "files": "?",
      "images": "?",
      "css": "?",
      "languages": "?",
      "media": "?",
      "positions": "=",
      "updateservers": "?",
      "dlid": "?",
      "help": "?",
      "config": "?"
    },
    "positions": {
      "position": "*"
    },
    "files": {
      "filename": "*",
      "files:file": "*",
      "folder": "*"
    },
    "images": {
      "filename": "*",
      "images:file": "*",
      "folder": "*"
    },
    "css": {
      "filename": "*",
      "css:file": "*",
      "folder": "*"
    },
    "languages": {
      "language": "*"
    },
    "media": {
      "filename": "*",
      "media:file": "*",
      "folder": "*"
    },
    "updateservers": {
      "server": "*"
    }
  },
  "attributes": {
    "extension": [
      "client",
      "method",
      "overwrite",
      "type",
      "version"
    ],
    "files": [
      "folder"
    ],
    "images": [
      "folder"
    ],
    "css": [
      "folder"
    ],
    "languages": [
      "folder"
    ],
    "language": [
      "client",
      "tag"
    ],
    "position": [
      "value"
    ],
    "media": [
      "destination",
      "folder"
    ],
    "file": [
      "charset",
      "driver"
    ],
    "server": [
      "name",
      "priority",
      "type"
    ],
    "help": [
      "key",
      "url"
    ],
    "dlid": [
      "prefix",
      "suffix"
    ]
  }
}
