{
  "nodes": {
    "extension": {
      "name": "!",
      "tag": "!",
      "creationDate": "=",
      "author": "=",
      "authorEmail": "=",
      "authorUrl": "=",
      "copyright": "=",
      "version": "!",
      "description": "=",
      "license": "?",
      "changelogurl": "?",
      "files": "!",
      "media": "?",
      "fonts": "?",
      "install": "?",
      "update": "?",
      "uninstall": "?",
      "updateservers": "?",
      "dlid": "?"
    },
    "files": {
      "filename": "*",
      "files:file": "*",
      "folder": "*"
    },
    "media": {
      "filename": "*",
      "media:file": "*",
      "folder": "*"
    },
    "fonts": {
      "filename": "*",
      "fonts:file": "*",
      "folder": "*"
    },
    "install": {
      "sql": "*"
    },
    "update": {
      "sql": "*",
      "schemas": "*"
    },
    "uninstall": {
      "sql": "*"
    },
    "sql": {
      "file": "*"
    },
    "schemas": {
      "schemapath": "*"
    },
    "updateservers": {
      "server": "*"
    }
  },
  "attributes": {
    "extension": [
      "client",
      "method",
      "overwrite",
      "type",
      "version"
    ],
    "files": [
      "folder"
    ],
    "media": [
      "destination",
      "folder"
    ],
    "fonts": [
      "folder"
    ],
    "file": [
      "charset",
      "driver"
    ],
    "schemapath": [
      "type"
    ],
    "server": [
      "name",
      "priority",
      "type"
    ],
    "dlid": [
      "prefix",
      "suffix"
    ]
  }
}
