{
  "nodes": {
    "extension": {
      "name": "!",
      "element": "?",
      "creationDate": "=",
      "author": "=",
      "authorEmail": "=",
      "authorUrl": "=",
      "copyright": "=",
      "version": "!",
      "description": "=",
      "license": "?",
      "changelogurl": "?",
      "scriptfile": "?",
      "install": "?",
      "update": "?",
      "uninstall": "?",
      "files": "?",
      "languages": "?",
      "media": "?",
      "administration": "?",
      "api": "?",
      "updateservers": "?",
      "dlid": "?",
      "config": "?",
      "namespace": "?",
      "dashboards": "?"
    },
    "administration": {
      "menu": "?",
      "submenu": "?",
      "files": "=",
      "languages": "?",
      "media": "?"
    },
    "api": {
      "files": "="
    },
    "files": {
      "filename": "*",
      "files:file": "*",
      "folder": "*"
    },
    "languages": {
      "language": "*"
    },
    "media": {
      "filename": "*",
      "media:file": "*",
      "folder": "*"
    },
    "submenu": {
      "menu": "*"
    },
    "install": {
      "sql": "*"
    },
    "update": {
      "sql": "*",
      "schemas": "*"
    },
    "uninstall": {
      "sql": "*"
    },
    "sql": {
      "file": "*"
    },
    "schemas": {
      "schemapath": "*"
    },
    "updateservers": {
      "server": "*"
    },
    "dashboards": {
      "dashboard": "*"
    }
  },
  "attributes": {
    "extension": [
      "client",
      "method",
      "overwrite",
      "type",
      "version"
    ],
    "files": [
      "folder"
    ],
    "languages": [
      "folder"
    ],
    "language": [
      "client",
      "tag"
    ],
    "media": [
      "destination",
      "folder"
    ],
    "menu": [
      "act",
      "controller",
      "hidden",
      "img",
      "layout",
      "link",
      "sub",
      "task",
      "view"
    ],
    "file": [
      "charset",
      "driver"
    ],
    "schemapath": [
      "type"
    ],
    "server": [
      "name",
      "priority",
      "type"
    ],
    "namespace": [
      "path"
    ],
    "dlid": [
      "prefix",
      "suffix"
    ],
    "dashboard": [
      "title",
      "icon"
    ]
  }
}
