{
  "nodes": {
    "extension": {
      "name": "!",
      "element": "?",
      "creationDate": "=",
      "author": "=",
      "authorEmail": "=",
      "authorUrl": "=",
      "copyright": "=",
      "version": "!",
      "description": "=",
      "license": "?",
      "changelogurl": "?",
      "scriptfile": "?",
      "install": "?",
      "update": "?",
      "uninstall": "?",
      "files": "?",
      "languages": "?",
      "media": "?",
      "updateservers": "?",
      "dlid": "?",
      "help": "?",
      "config": "?",
      "namespace": "?"
    },
    "files": {
      "filename": "*",
      "files:file": "*",
      "folder": "*"
    },
    "languages": {
      "language": "*"
    },
    "media": {
      "filename": "*",
      "media:file": "*",
      "folder": "*"
    },
    "install": {
      "sql": "*"
    },
    "update": {
      "sql": "*",
      "schemas": "*"
    },
    "uninstall": {
      "sql": "*"
    },
    "sql": {
      "file": "*"
    },
    "schemas": {
      "schemapath": "*"
    },
    "updateservers": {
      "server": "*"
    },
    "config": {
      "fields": "!"
    },
    "fields": {
      "fieldset": "+"
    },
    "fieldset": {
      "field": "+"
    },
    "field": {
      "*": "*"
    }
  },
  "attributes": {
    "extension": [
      "client",
      "method",
      "overwrite",
      "type",
      "version"
    ],
    "files": [
      "folder"
    ],
    "filename": [
      "module"
    ],
    "files:file": [
      "module"
    ],
    "folder": [
      "module"
    ],
    "languages": [
      "folder"
    ],
    "language": [
      "client",
      "tag"
    ],
    "media": [
      "destination",
      "folder"
    ],
    "file": [
      "charset",
      "driver"
    ],
    "schemapath": [
      "type"
    ],
    "server": [
      "name",
      "priority",
      "type"
    ],
    "namespace": [
      "path"
    ],
    "config": [
      "addfieldpath",
      "addfieldprefix",
      "addformpath",
      "addformprefix",
      "addrulepath",
      "addruleprefix"
    ],
    "fields": [
      "addfieldpath",
      "addfieldprefix",
      "addformpath",
      "addformprefix",
      "addrulepath",
      "addruleprefix",
      "name"
    ],
    "fieldset": [
      "addfieldpath",
      "addfieldprefix",
      "addformpath",
      "addformprefix",
      "addrulepath",
      "addruleprefix",
      "description",
      "label",
      "name"
    ],
    "field": [
      "*"
    ],
    "help": [
      "key",
      "url"
    ],
    "dlid": [
      "prefix",
      "suffix"
    ]
  }
}
