<?xml version="1.0" encoding="utf-8"?>
<extension version="3.0" type="plugin" group="system" method="upgrade">    
	<name>plg_system_askmyadmin</name>
	<author>Denis Mokhin</author>
	<authorUrl>https://mokhin-tech.ru</authorUrl>
	<creationDate>09.12.2014</creationDate>
	<copyright>Copyright (C) 2013-2019 Denis Mokhin - All rights reserved.</copyright>
	<license>GNU GPL, please visit http://www.gnu.org/licenses/gpl-2.0.html or see LICENSE.txt</license>
	<authorEmail>denis@mokhin-tech.ru</authorEmail>
	<version>1.6.3</version>
	<description>PLG_SYSTEM_ASKMYADMIN_DESC</description>
	<client>administrator</client>
	<files>
		<filename plugin="askmyadmin">askmyadmin.php</filename>		
		<filename>README.md</filename>
		<filename>LICENSE.txt</filename>
		<folder>language</folder>
	</files>
	<config>
	<fields name="params">
		<fieldset name="basic">
			<field name="keyname" type="text" size="45" label="PLG_SYSTEM_ASKMYADMIN_KEYNAME" description="PLG_SYSTEM_ASKMYADMIN_KEYNAME_DESC" />
			<field name="keyvalue" type="text" size="45" label="PLG_SYSTEM_ASKMYADMIN_KEYVALUE" description="PLG_SYSTEM_ASKMYADMIN_KEYVALUE_DESC" />			
            <field name="url" type="url" default="" label="PLG_SYSTEM_ASKMYADMIN_URL" description="PLG_SYSTEM_ASKMYADMIN_URL_DESC" size="45" />
		</fieldset>
	</fields>
	</config>
	<updateservers>
		<server type="extension" name="AskMyAdmin Updates">http://update.mokhin-tech.ru/askmyadmin.xml</server>
	</updateservers>
</extension>
