<?xml version="1.0" encoding="utf-8"?>
<extension type="component" method="upgrade">
        <name>COM_PHPBRIDGE</name>
        <author>Henry Schorradt</author>
        <creationDate>Jan 2024</creationDate>
        <authorEmail>email@henryschorradt.de</authorEmail>
        <authorUrl>https://www.henryschorradt.de</authorUrl>
        <copyright>Copyright (C) 2012-2024 Henry Schorradt. All rights reserved</copyright>
        <license>Licensed under the GPL v2</license>
        <version>4.4.1</version>
        <description><![CDATA[
        PHP Bridge is a component for the correct integration of your own PHP scripts via the menu and access control of Joomla<br /><div><a class='btn btn-success' href='https://www.paypal.me/simkea' target='_blank'>Buy me a coffee if this extension is useful to you. Thank you very much! </a></div><br />
]]></description>
        <namespace path="src">Schorradt\Component\PhpBridge</namespace>

        <scriptfile>script.php</scriptfile>

        <updateservers>
                <server type="extension" priority="1" name="PHP-Bridge Updates">
                        <![CDATA[https://www.henryschorradt.de/joomlafiles/extension.xml]]></server>
        </updateservers>

        <files folder="site">
                <folder>src</folder>
                <folder>tmpl</folder>
        </files>

        <languages folder="site">
                <language tag="de-DE">language/de-DE/com_phpbridge.ini</language>
                <language tag="de-DE">language/de-DE/com_phpbridge.sys.ini</language>
                <language tag="en-GB">language/en-GB/com_phpbridge.ini</language>
                <language tag="en-GB">language/en-GB/com_phpbridge.sys.ini</language>
        </languages>

        <media folder="media/com_phpbridge" destination="com_phpbridge">
                <folder>images</folder>
                <folder>css</folder>
        </media>

        <administration>
                <files folder="admin">
                        <filename>access.xml</filename>
                        <filename>config.xml</filename>
                        <folder>src</folder>
                        <folder>tmpl</folder>
                        <folder>services</folder>
                </files>
                <languages folder="admin">
                        <language tag="de-DE">language/de-DE/com_phpbridge.ini</language>
                        <language tag="de-DE">language/de-DE/com_phpbridge.sys.ini</language>
                        <language tag="en-GB">language/en-GB/com_phpbridge.ini</language>
                        <language tag="en-GB">language/en-GB/com_phpbridge.sys.ini</language>
                </languages>
                <menu img="/media/com_phpbridge/images/php_16x16.png" link="option=com_phpbridge">COM_PHPBRIDGE_MENU</menu>
        </administration>

</extension>
