<?xml version="1.0" encoding="utf-8"?>
<extension version="4.0" type="library" method="upgrade">
  <name>Regular Labs Library</name>
  <description>Regular Labs Library - used by Regular Labs extensions</description>
  <version>24.6.3904</version>
  <creationDate>June 2024</creationDate>
  <author>Regular Labs (Peter van Westen)</author>
  <authorEmail>info@regularlabs.com</authorEmail>
  <authorUrl>https://regularlabs.com</authorUrl>
  <copyright>Copyright © 2024 Regular Labs - All Rights Reserved</copyright>
  <license>GNU General Public License version 2 or later</license>
  <libraryname>regularlabs</libraryname>
  <namespace path="src">RegularLabs\Library</namespace>
  <scriptfile>script.install.php</scriptfile>
  <files>
    <file>autoload.php</file>
    <file>regularlabs.xml</file>
    <folder>layouts</folder>
    <folder>src</folder>
    <folder>vendor</folder>
  </files>
  <media folder="media" destination="regularlabs">
    <folder>css</folder>
    <folder>images</folder>
    <folder>js</folder>
    <folder>scss</folder>
  </media>
</extension>
