<?xml version="1.0" encoding="utf-8"?>
<updates>
    <update>
        <name>JED Checker Extension</name>
        <description><![CDATA[JED Checker will check your extension files and will let you know in advance if there are any possible problems with your extension for submitting to the JED]]></description>
        <element>com_jedchecker</element>
        <type>component</type>
        <version>2.4.3</version>
        <client>administrator</client>
        <infourl title="JED Checker Extension">https://github.com/joomla-extensions/jedchecker/releases/tag/2.4.3</infourl>
        <downloads>
            <downloadurl type="full" format="zip">https://github.com/joomla-extensions/jedchecker/archive/refs/tags/2.4.3.zip</downloadurl>
        </downloads>
        <tags>
            <tag>stable</tag>
        </tags>
        <targetplatform name="joomla" version="3\.([89]|10)|4\.[01234]|5\.0" />
        <sha256>2ab8e6094c7f032c74f2316c349ebc8dc1161444dc94037d20c2f129323ac830</sha256>
    </update>
</updates>
